Model,MAE,RMSE,MAPE,sMAPE,AIC,Execution Time,Comments
Naive Model,0.3592471358428805,0.5993722848471396,100.0,200.0,-1932.792437388472,0.0206680297851562,First Model Run
Decision Tree,0.1178396072013093,0.3432777406143738,inf,57.71543086172345,0.0,0.0502338409423828,First Model Run
Random Forest,0.0728314238952536,0.269872977334252,inf,38.69565217391304,0.0,111.9817361831665,First Model Run
Logistics Regression Model,0.42962356792144024,0.6554567628161603,inf,131.57894736842107,-986.4016618649785,0.2172250747680664,First Model Run
GridSearchCV Model,0.19803600654664485,0.4450123667345042,inf,77.93880837359099,-1932.7924373884719,1.4336879253387451,First Model Run
Naive Model,0.35924713584288054,0.5993722848471396,100.0,200.0,-1932.7924373884719,0.018672943115234375,First Model Run
Decision Tree,0.11783960720130933,0.3432777406143738,inf,57.71543086172345,0.0,0.043688058853149414,First Model Run
Random Forest,0.06873977086743044,0.26218270512646413,inf,37.086092715231786,0.0,95.56981492042542,First Model Run
